tweet,traduccion,compound
  jonviene  hablando sobre la adopcin por parte de personas homosexuales  abascal prcticamente ha dicho   hombre  si les sobra un nio,espaa that beautiful country where interviewing is pablo churches and interview abascal chupiguay is fascist santia,0.0772
  manhattanmanone  no he podido ver el programa  pero este corte de  santi abascal yo donara  primero para el amazonas  porque la obra,Anabel Alonso of when abascal defines liberal enough to simplify put a picture of Anabel Alonso next,0.0
  fonsiloaiza  abascal se afili al pp con  aos y ha tenido  cargos  a sus  aos no ha cotizado nunca fuera de la poltica  ha cobr,juanfraescudero abascal in the hard interview with Pablo Motos has not doubted aberrant violence law are the gender vox,0.573
  vox es    santi abascal en  el hormiguero    nosotros defendemos la ley de legtima defensa  que una persona pueda defender su propie,frentemiki all fachas after seeing Santiago Abascal in the anthill t co santiagoabascaleh,0.0
  anabelalonso of   la mujer que quiera va a abortar pero no tendr ayuda pblica  santiago abascal  osea  las que no tengan recursos se,santi abascal the mound in a state of law can freely express but not lie co t co ocigxejgbk,0.2382
 manhattanmanone  vox es  santi abascal zascaaaaa   qu te pensabas  pablito ,nn dgg does not look that fucking fascist abascal complain of bigots beyond me and those who estis thinking of coming to r,-0.7688
  janogarcia   qu triste que pablo motos tenga que justificar la invitacin a  santi abascal porque una banda totalitaria quiere impedir,puigmelont abascal in co ant t,0.0
   sapientiae  cuando te mola ms un comunista que no tiene pudor en levantar el puo  que homenajea al che homfobo  que re con azotar,alberto vox ans is now santi abascal anthill when you go pablo churches preguntis for communism cha,0.0
 el hormiguero  santi abascal pablo motos  est claro que slo puedes presentar un programa de entretenimiento  par    t co ,Pablo Motos tribunolibre today made a fully sectrea interview santi abascal they came to light all the mantras that tra,0.0
  vox es    santi abascal en  el hormiguero    somos los nicos que no permitiramos que salgan los violadores de mujeres de las crcel,in my neighborhood bikes opinion and not only was not prepared to come face to face with someone who always looks into his eyes and,-0.1695
  luciacuervas  abascal   yo tambin represento al colectivo homosexual  no se por que se nos acusa de homfobos    santiagoabascaleh htt,eldiarioes boicotelhormiguero ask the network to interview Santiago Abascal and vox t co whitewash,0.0258
     santi abascal en  el hormiguero  cualquier persona  en legtima defensa  debera poder defender su propiedad y su f,puigmelont abascal in co ant t,0.0
  anabelalonso of   la mujer que quiera va a abortar pero no tendr ayuda pblica  santiago abascal  osea  las que no tengan recursos se,vox is santi abascal in the anthill the other day talking about the social emergency affecting the Spaniards the caresta,-0.3818
  vox es    santi abascal en  el hormiguero    somos los nicos que no permitiramos que salgan los violadores de mujeres de las crcel,agustinrosety today in El Hormiguero Pablo Motos has sought to excuse the crime to interview santi abascal hacindole u,-0.4939
    corregidme si me equivoco  pero    aquellos que estn pidiendo el boicot a cuatro por entrevistar a santiago abascal  no son,vox is santi abascal in the anthill I I pulled the gun license to protect my father in the Basque country santia,0.0516
  fjosealcaraz  muchos espaoles empiezan a conocer quin y cmo es  santi abascal   quienes lo conocemos desde hace aos no nos sorprend,euprepiopadula do not miss this homfobo statements on homosexual adoption will touch children who do not want,0.0572
  hermanntertsch  la autenticidad de  santi abascal no tiene rival en la politica espaola  nadie  ninguno  ni de lejos     t co nhb,vox is santi abascal in the anthill we defend legtima defense law that a person can defend his propie,0.128
   mryinyangfc  perlalaura  el hormiguero  santi abascal pues as es     suicidate antes de perder esa c    t co ,how many times have focused the public today during the interview it lasted abascal how much the program vergenzaa,0.3818
  manhattanmanone  no he podido ver el programa  pero este corte de  santi abascal yo donara  primero para el amazonas  porque la obra,hermanntertsch has bikes luck thanks to the program Vern Santiago Abascal who do t co JAMS,0.7096
  andaluciasinvox  los socios de pp y c s   abascal lo tiene claro  ilegalizara el aborto   lo que la mujer lleva dentro no es su cuerpo,vox is santi abascal the mound carrying of weapon must be more than a right as a citizen's obligation cu t co,-0.296
  vox es    santi abascal en  el hormiguero    ordenara la detencin de torra  la suspensin de la autonoma de catalua  cerrar  y,vox is santi abascal in the anthill ningn I have no fear of the elections our voters are the most loyal and many,-0.2516
  espainews    santi abascal  hoy en  el hormiguero  defendera la frontera de  melilla con muros ms grandes si es necesario y en segu,Santi Pablo Motos abascal anthill could have gotten a good interview here instead was m,0.4404
  hermanntertsch  tiene suerte motos  gracias a santiago abascal vern el programa quienes jams lo hacemos     t co ,ldpsincomplejos it has been extraordinary interview with santi abascal curiously to see that he is somewhat stiff to pro,0.0
   el hormiguero  santi abascal a ver seores  que pablo ya se sabe cmo piensa  pero ha sido demcrata  h    t co ,juanfraescudero those who criticize Paul motorcycles interview santiago abascal are the same as decan Otegi right tena to s,-0.3818
  muyliberal  la diferencia entre  santi abascal y los dems es que l no pretende agradar a todo el mundo ni pide el voto de todos   vox,barbijaputa man if there is a child who does not want to take anyone for that adopt the gay santiago I'm not homfobo,0.1225
  juanfraescudero  ultimtum de abascal a sus concejales de roquetas  o se bajan el sueldo o a la puta calle      bien p,when santi abascal says is against abortion and remove it from public health services which really means,0.0
  luciacuervas  abascal   yo tambin represento al colectivo homosexual  no se por que se nos acusa de homfobos    santiagoabascaleh htt,eledhmel santi abascal we defend women because we estn rapists in jail and we do not want or,-0.6728
  laresistencia  abascal en el hormiguero y piqu en la resistencia  las dos espaas ,vox is santi abascal in the anthill we are the only ones who do not permitiramos leaving rapists of women from jail,0.5334
  albertoluni  pablo motos cada vez que intenta dejar en evidencia a abascal y no lo consigue  santiagoabascaleh    t co ,elentirvigo Santiago Abascal in the anthill were more cmod when vox pruning not defend the leader of vox her pulse gan,0.0
  labella   todos estos han sido entrevistados varas veces  el hormiguero y nadie dijo nada  pero cuando por primera vez va  santi a,Anabel Alonso of the woman who wants an abortion will help but will not have Pblica Santiago Abascal bone which have no resources,-0.2382
  bichichi   muchos decs que el puto enano ha ido a atacar a abascal  y a m me ha parecido lo contrario  preguntndole cosas tan polmi,acevedismos santi abascal the anthill or acevedismos case the interview was very interesting and invit t co,0.4576
 solileovi popper viendo a abascal en el hormiguero tia,symbiont vox today in El Hormiguero santi abascal this seor skilful and this match again have my vote to try derro,0.0
    no me gustan ni abascal ni vox  partiendo de esta base  si quereis libertad de expresion es para todo  guste o no ,jorge Buxadé santi abascal think when a leftist gets heavy with abortion it is best to tell the pu t co,0.4767
  willytolerdoo  defensores de la libertad de expresin criticando que inviten a abascal al hormiguero ,santiago sergiorevols equates communism and fascism abascal just like half of liberals who call themselves left,0.3612
  juanfraescudero  dice abascal en el hormiguero que defendera la frontera de melilla con muros ms grandes si es necesario y mandara,vox is santi abascal in the anthill I I pulled the gun license to protect my father in the Basque country santia,0.0516
  porhispania   santiagoabascaleh  una buena persona  sincera  legal  respetuosa  una persona que mira a los ojos   ha bordado su presenc,blakegc ma mother was whether sperm faster abascal I will not want to imagine how slow,-0.0572
  vox es    santi abascal en  el hormiguero    nosotros defendemos la ley de legtima defensa  que una persona pueda defender su propie,reeichelk not understand why we call homfobos Santiago Abascal santiagoabascaleh t co,0.0
    aqui sentado para ver a  santi abascal en  el hormiguero y me entero de q el nico lder q no ha querido ir es  sanche,vox is santi abascal the despicable state anthill tonight sectarian bikes,0.0
  gandalfgris   qu relajadito pablo motos con santiago abascal  igualito que con pablenin  eh   santiagoabascaleh    t co uczpqbhl,Santiago Abascal scandal santiago abascal television co t,-0.4404
  vox es    santi abascal en  el hormiguero    ordenara la detencin de torra  la suspensin de la autonoma de catalua  cerrar  y,fonsiloaiza Abascal percentage points Afili the years and has held positions their years has never traded outside of politics has cobr,0.0
que vergenza de entrevista la de pablo motos a santiago abascal que poco respeto y que poca profesionalidad    santiagoabascaleh,anthill anthill today santi abascal santiagoabascaleh t co,0.0
  anabelalonso of   la mujer que quiera va a abortar pero no tendr ayuda pblica  santiago abascal  osea  las que no tengan recursos se,anthill anthill today santi abascal santiagoabascaleh t co,0.0
  he puesto un tweet sobre santiago abascal  y como no tiene defensa alguna  te metes con mi foto de perf    t co ,vox is santi abascal in the anthill to motorbikes pablo I am concerned that you said we have only deputies in the cong,0.0
    grande santi  santi abascal  santiagoabascalsimerepresenta  vox es     t co ,uriahee santi sanchez abascal not want to go,-0.0572
    y despus de est gran entrevista que estoy viendo de santiago abascal  sin tapujos  sin caer en las trampas y sin mie,vox is santi abascal in the anthill ordered the arrest of torra the suspension of the autonomy of Catalonia close and,-0.34
  tuiteroapostol  intentento de tirar por el suelo a  santi abascal  solo consigui que luciera an ms un hombre con valores  lo que no,very embarrassing interview taking populist themes and trying to leave Santiago Abascal bad job s economy,-0.7645
  eljueves  en resumen  cuando abascal intenta quedar bien y mide las palabras parece lo que ha sido siempre  un pepero ms ,Revol is santi abascal in the anthill defendera the Melilla border with walls more big if necessary and giving help,0.6249
    pablo motos ha buscado embarrar el terreno  pero es que santiago abascal se explica muy bien  habla claro y sobre todo ti,juanfraescudero santiago santi abascal abascal is proving to be a person with great patriotism a good person with a gr,0.7906
  juanfraescudero  los que critican que pablo motos entreviste a santiago abascal son los mismos que decan que otegi tena derecho a s,victuabfe eledhmel santi abascal my body my coo my standards no one should comment on what I do with my body with my,-0.296
    abascal repeliendo los ataques continuos  perdn  las preguntas de pablo motos    santiagoabascaleh    t co ,vox is santi abascal in the anthill we are the only ones who do not permitiramos leaving rapists of women from jail,0.5334
    corregidme si me equivoco  pero    aquellos que estn pidiendo el boicot a cuatro por entrevistar a santiago abascal  no son,ibai I personally do not think interviewing Santiago Abascal it a bajn quality or dignity tica from the usual level,0.4019
  frandevox  jams he visto odo a un lder de un partido poltico y aspirante a presidente del gobierno transmitir una sensacin de sinc,santiagoabascaleh I do not understand is Porqu if Santiago Abascal is not racist or xenfobo are so many people in l t co,0.4973
he de decir que me ha gustado  y mucho   santi abascal en  el hormiguero  en muchos temas me representa y coincido    t co ,casoaislado is strong words vox Santiago Abascal is president during his intervention in the anthill santiagoab,0.5106
  fonsiloaiza  abascal se afili al pp con  aos y ha tenido  cargos  a sus  aos no ha cotizado nunca fuera de la poltica  ha cobr,Elentir Vigo leftist boycott ask a television program that invites Santiago Abascal's deputy and one Democrat q,-0.3182
  anabelalonso of   la mujer que quiera va a abortar pero no tendr ayuda pblica  santiago abascal  osea  las que no tengan recursos se,jorgebuxade santi abascal between Notre Dame and the defendera Amazon before amazon because I believe more in God's work in l,0.34
  natalia    el hormiguero  santi abascal  vox es qu piensa  santi abascal del menosprecio al que los distintos gobiernos han somet,managuac by chamberi santi abascal is not a matter of parliamentary monarchy president is a matter of educated citizens and int,-0.0382
  salcedoibiza  la gente quejndose porq le han hecho una entrevista incmoda a abascal  pues a m me parece bien q haga entrevistas as ,chuckiclampy amazing how inviting the anthill of Santiago Abascal how quality has gone down before was a program debates,0.7269
  vox es    santi abascal en  el hormiguero    s es verdad que el psoe nos ha utilizado para meter miedo  han dicho barbaridades de no,manujfdez the anthill santi abascal vox habis it is started by the best for the Spaniards for espaaquemadruga with santi,0.6369
  fonsiloaiza  abascal se afili al pp con  aos y ha tenido  cargos  a sus  aos no ha cotizado nunca fuera de la poltica  ha cobr,euprepiopadula do not miss this homfobo statements on homosexual adoption will touch children who do not want,0.0572
  tortondo  muy apropiado el inicio de el hormiguero con la visita de abascal   gracias a la colaboracin de  noabraspaz y el apoyo moral,carnecrudaradio vox is no more party to go with fits and starts and chemistry that is normalized to the extreme right,0.2006
    y al que no le guste  que no vote vox pero mediastintas y bienquedas ya tenemos muchos   abascal firme en sus opiniones ,chuckiclampy amazing how inviting the anthill of Santiago Abascal how quality has gone down before was a program debates,0.7269
  colinrivas   santi abascal en directo en  el hormiguero    pablomotosfans le pregunta sobre el  calentongueval y amazonia     santi ,manhattanmanone not have seen the program but this cut I will donate santi abascal first for Amazon because the work,-0.2529
  juanfraescudero  santiago abascal   santi abascal  est demostrando ser una persona con gran patriotismo  una persona buena  con un gr,abascal resistance in the ant and piqué resistance in the two spies,0.0
  gabrielrufian  si habis visto joker en el cine podis ver a abascal en el hormiguero ,terradellass vox is santi abascal the anthill that's what you think t,0.0
  vox es    santi abascal en  el hormiguero    s  he toreado pero sin muerte  y se me sec la boca ms que en sta entrevista       s,eledhmel those who ask boicotelhormiguero because it santi abascal are the same who viewed delighted to Otegi in different program,0.5106
  hermanntertsch  la autenticidad de  santi abascal no tiene rival en la politica espaola  nadie  ninguno  ni de lejos     t co nhb,marcosgoldc to think of the words of santiabascal abascaleh El Hormiguero boicotalhormiguero abascal voxa anthill,0.0
  jonhcristo  espero cuando vaya iglesias  le preguntes por su apoyo a proetarras  venezuela  por su dolo che guevara  el odio hacia las,vox is tonight at santi abascal be in the anthill can follow live here,0.0
  vox es    santi abascal en  el hormiguero    el otro da hablamos de la emergencia social que viven los espaoles  la caresta de la,santi abascal vox is on the mound for me a liberal is trying to dictate what is right I've never been Fascist,0.4449
  vox es    santi abascal en  el hormiguero      sobre la eutanasia  nos ponen la reflexin sobre ramn sampedro  un hombre en pleno us,managuac podchamberi santi abascal the interesting thing is that nations with emperors and kings are the most advanced ms plan,0.6115
  vox es    santi abascal en  el hormiguero    somos los nicos que no permitiramos que salgan los violadores de mujeres de las crcel,abascal resistance in the ant and piqué resistance in the two spies,0.0
  litrileon   el hormiguero  santi abascal  vox es un ejemplo para espaa  tena que haber ms as   jusapol  equiparacionya   interiorgo,Anabel Alonso of the woman who wants an abortion will help but will not have Pblica Santiago Abascal bone which have no resources,-0.2382
  eledhmel  los que piden  boicotelhormiguero porque va  santi abascal son los mismos que vieron encantados a otegi en distintos programa,euprepiopadula do not miss this homfobo statements on homosexual adoption will touch children who do not want,0.0572
  casoaislado es  contundentes palabras de santiago abascal  presidente de  vox es  durante su intervencin en el hormiguero   santiagoab,Mr. dbunker abascal interview on a private TV that costs us a hard boycott interview Otegi in a tele Pblica qu,-0.4019
   el hormiguero  santi abascal un siclogo te puede ayudar a superar tus problemas mentales,eldiarioes boicotelhormiguero ask the network to interview Santiago Abascal and vox t co whitewash,0.0258
 nadie   nadie   absolutamente nadie   abascal en el hormiguero   es que es mi conviccion,abascal resistance in the ant and piqué resistance in the two spies,0.0
  euprepiopadula  no te pierdas las declaraciones de este homfobo sobre la adopcin  a los homosexuales le tocan los nios que no quiere,vox is santi abascal in the anthill in vistalegre Apel especially national reconciliation can not come anyone to dict,0.0
  anabelalonso of   la mujer que quiera va a abortar pero no tendr ayuda pblica  santiago abascal  osea  las que no tengan recursos se,vox is santi abascal in the anthill I I pulled the gun license to protect my father in the Basque country santia,0.0516
    pablo motos se ha llevado una leccin pretender hundir a alguien con odio y retratarte a ti mismo como un ser triste y,abascal how it is against migrants live in pblicas aid but has lived l p t co Money,0.0
    yo no veo el hormiguero  no me gusta el programa y tampoco voto a vox pero esta noche voy a ver a abascal por  motivo,abascal resistance in the ant and piqué resistance in the two spies,0.0
  chuckiclampy  increble lo de el hormiguero invitando a santiago abascal  cmo ha bajado de calidad  antes era un programa con debates,wallstwolverine in my opinion positive balance abascal interview must be very clear quin is the potential voter v,0.7574
  ivanedlm  trending topics en twitter  ahora mismo     boicotelhormiguero    pablo motos    abascal  qu bien lo vamos a pasar dispar,They know that the left does not want to go tonight abascal anthill because viewers see a man educ,-0.0572
 hermanntertsch  vox es  santi abascal vaya  pero no caes en cuenta que vives en un pas de cobardes    ,Makinavaja the anthill santi vox abascal is the politician who needs this espaa sick equiparacionya falsaequiparacion ilpj,-0.5106
    despus de ver a abascal me reafirmo en mi voto     t co ,jonhcristo churches hope when you go ask him for his support for his proetarras Venezuela che guevara fraud hatred of,-0.5267
  misterdbunker  entrevistan a abascal en una tele privada que no nos cuesta un duro  boicot   entrevistan a otegi en una tele pblica qu,vox is santi abascal in the anthill in vistalegre Apel especially national reconciliation can not come anyone to dict,0.0
  aliciaguesswhat  no sabis el gusto que da verse representado al    que alguien pueda expresar justo lo que pienso yo pero con mucho,santiago sergiorevols equates communism and fascism abascal just like half of liberals who call themselves left,0.3612
  igarrigavaz  vaya si resulta que despus de la entrevista a  santi abascal millones de espaoles han descubierto que los de vox ni son,when santi abascal says is against abortion and remove it from public health services which really means,0.0
  harticoestoy   igarrigavaz  santi abascal el problema  igarrigavaz no es que vox no sea un partido fascista  que no lo es  el problema,wallstwolverine obviously be taking the average liberal bile but that abascal not seek to please the liberal means for that is already,-0.3491
  anabelalonso of   la mujer que quiera va a abortar pero no tendr ayuda pblica  santiago abascal  osea  las que no tengan recursos se,vox is santi abascal in the anthill ordered the arrest of torra the suspension of the autonomy of Catalonia close and,-0.34
  agustinrosety  a nadie le han hecho una entrevista en el hormiguero como la que le han hecho hoy a  santi abascal   y ha salido ms que,carnecrudaradio vox is no more party to go with fits and starts and chemistry that is normalized to the extreme right,0.2006
   santi abascal  el hormiguero  frases sacadas de contexto y que estn todos los medios manipulando,anthill began the round of political views ahead of the November elections Prximo tonight we visit sa,0.0
  misterdbunker  entrevistan a abascal en una tele privada que no nos cuesta un duro  boicot   entrevistan a otegi en una tele pblica qu,juanfraescudero those who criticize Paul motorcycles interview santiago abascal are the same as decan Otegi right tena to s,-0.3818
  hermanntertsch  la autenticidad de  santi abascal no tiene rival en la politica espaola  nadie  ninguno  ni de lejos     t co nhb,Adri h eledhmel aliciamanresa roman santi abascal removing aid to defend battered women s t co,0.0
  anabelalonso of   la mujer que quiera va a abortar pero no tendr ayuda pblica  santiago abascal  osea  las que no tengan recursos se,vox is santi abascal in the anthill defendera the Melilla border with walls more big if necessary and giving help,0.6249
  juanfraescudero  dice abascal en el hormiguero que defendera la frontera de melilla con muros ms grandes si es necesario y mandara,areslogia manhattanmanone vox is abascal lovely picture santi,0.5859
  vox es    santi abascal en  el hormiguero    somos los nicos que no permitiramos que salgan los violadores de mujeres de las crcel,uriahee taking only one puny topics that bite the desnortada progresses and abascal being honest and not pol,0.5106
  agustinrosety  a nadie le han hecho una entrevista en el hormiguero como la que le han hecho hoy a  santi abascal   y ha salido ms que,very embarrassing interview taking populist themes and trying to leave Santiago Abascal bad job s economy,-0.7645
  gladiatorastur  pablo motos ha hecho todo lo posible para no parecer cercano y carioso con  santi abascal  denota cierto acojone de lo,vox is santi abascal in the anthill s've ever fought but death and my mouth sec more than in sta interview s,-0.7906
  vox es    santi abascal en  el hormiguero    yo me saqu la licencia de armas para proteger a mi padre en el pas vasco       santia,Pablo Motos has been a lesson trying to sink someone with hatred and retratarte yourself as a sad being and,-0.8074
  alfonsopmedina  santiago abascal dice que como primera medida ordenara al ministerio del interior la detencin de torra  que alguien l,locreonome the anthill santi abascal is vox is desirable that cague bikes before the interview has written roures,0.3182
    pablo motos  sin quererlo  le est haciendo a abascal la mejor campaa posible hacindole la entrevista ms dura que h,fonsiloaiza Abascal percentage points Afili the years and has held positions their years has never traded outside of politics has cobr,0.0
     santi abascal imagnate a un pelele con la camiseta del ejercito de tierra espaol o a un ma    t co ,Carlos Baute anthill honesty almost apologizing for the fact invite Santiago and putting excuses that p,0.5849
    pablo motos  sin quererlo  le est haciendo a abascal la mejor campaa posible hacindole la entrevista ms dura que h,casoaislado is strong words vox Santiago Abascal is president during his intervention in the anthill santiagoab,0.5106
  fonsiloaiza  abascal se afili al pp con  aos y ha tenido  cargos  a sus  aos no ha cotizado nunca fuera de la poltica  ha cobr,Anabel Alonso of the woman who wants an abortion will help but will not have Pblica Santiago Abascal bone which have no resources,-0.2382
  jupolvalladolid  qu opina  santi abascal de  aos de injusticia a las ffccssee    policia y  guardiacivil cobrando menos que la,igarri javaz go if it turns out that after interviewing santi abascal million Spaniards have found that vox nor are,0.0
desmontando a abascal  las  mentiras que le ha contado a pablo motos en  el hormiguero     t co  v    t co ,agustin Rosety anyone have done an interview in the anthill as have been made today santi abascal and has left more than,0.0
  sonrisitasbobas   no encarcelara a ninguna mujer por abortar   no veo mal que dos hombres se besen en la gran va   no me opongo a la,lopedevegac scenario Jordi Évole interview today arnaldootegi bravo is freedom of expression entitled SCENES,0.743
  igarrigavaz  vaya si resulta que despus de la entrevista a  santi abascal millones de espaoles han descubierto que los de vox ni son,gonnassau have raped a girl in a TV show and you were going to make the boycott of the program by interviewing abas antenna,-0.7845
    corregidme si me equivoco  pero    aquellos que estn pidiendo el boicot a cuatro por entrevistar a santiago abascal  no son,He said abascal is communist in santiagoabascaleh t ant co,0.0
abascal le retira un  regalo  a pablo motos en  el hormiguero    no te est gustando la entrevista      t co itmvfaklqj,Anabel Alonso of the woman who wants an abortion will help but will not have Pblica Santiago Abascal bone which have no resources,-0.2382
  vox es    santi abascal en  el hormiguero    ordenara la detencin de torra  la suspensin de la autonoma de catalua  cerrar  y,euprepiopadula do not miss this homfobo statements on homosexual adoption will touch children who do not want,0.0572
  casoaislado es  a ver si se enteran los progres  pablo motos no lo ha podido explicar mejor   santiagoabascaleh   no sera democrtico,Anabel Alonso of the woman who wants an abortion will help but will not have Pblica Santiago Abascal bone which have no resources,-0.2382
  vox es    santi abascal en  el hormiguero    ordenara la detencin de torra  la suspensin de la autonoma de catalua  cerrar  y,Anabel Alonso of the woman who wants an abortion will help but will not have Pblica Santiago Abascal bone which have no resources,-0.2382
  carnecrudaradio   vox no es un partido ms para ir ah con trancas y barrancas y la qumica  eso es normalizar a la extrema derecha  ,Anabel Alonso of the woman who wants an abortion will help but will not have Pblica Santiago Abascal bone which have no resources,-0.2382
pablo motos justifica as haber llevado a abascal a  el hormiguero     y este le corrige nada ms entrar    t co ,eledhmel santi abascal lives less than months in the womb but developed European people lives and co pe t,0.0
 gatomochete  cristinasolanos  puigmelont  alonso dm porque el lobby feminista da mucho dinero a los medios   no su    t co iyynmcsleq,ahpues manhattanmanone hermanntertsch santi abascal go over the syntax I do not answer unintelligible phrases t co,0.0
  vox es    santi abascal en  el hormiguero     el objetivo no es desenterrar a franco  es la excusa  el objetivo es felipe vi y an m,igarri javaz go if it turns out that after interviewing santi abascal million Spaniards have found that vox nor are,0.0
  fonsiloaiza  abascal se afili al pp con  aos y ha tenido  cargos  a sus  aos no ha cotizado nunca fuera de la poltica  ha cobr,janogarcia bikes sad what Paul has to justify the invitation to Santi Abascal because a totalitarian band wants to prevent,-0.7269
     santiagoabascaleh que escndalo santiago abascal en televisin       t co ,Thursday santi abascal out in the anthill going to see the program rt,0.0
  fonsiloaiza  abascal se afili al pp con  aos y ha tenido  cargos  a sus  aos no ha cotizado nunca fuera de la poltica  ha cobr,RGP perlalaura the anthill santi abascal I am affiliated with vox and I think the abortion is necessary to limit the co t gatkapyozj,0.0
  agustinrosety  a nadie le han hecho una entrevista en el hormiguero como la que le han hecho hoy a  santi abascal   y ha salido ms que,very embarrassing interview taking populist themes and trying to leave Santiago Abascal bad job s economy,-0.7645
    corregidme si me equivoco  pero    aquellos que estn pidiendo el boicot a cuatro por entrevistar a santiago abascal  no son,Paul has done what should a journalist who is trying to put on the ropes the political thing q does not usually h,0.0
  antoniornaranjo  los mismos que no decan ni m o apoyaban la presencia de otegi en tve la lan parda ahora por ver a abascal en el hor,vox is santi abascal the ant realize that between the traitors left and the other co brought t,0.0
  anabelalonso of   la mujer que quiera va a abortar pero no tendr ayuda pblica  santiago abascal  osea  las que no tengan recursos se,Anabel Alonso of the woman who wants an abortion will help but will not have Pblica Santiago Abascal bone which have no resources,-0.2382
     el hormiguero  santi abascal  vox es hayyy como estn los progres      los tolerantes    ,eledhmel santi abascal we defend women because we estn rapists in jail and we do not want or,-0.6728
  igarrigavaz  vaya si resulta que despus de la entrevista a  santi abascal millones de espaoles han descubierto que los de vox ni son,euprepiopadula do not miss this homfobo statements on homosexual adoption will touch children who do not want,0.0572
    insisto en que esto que ha dicho abascal es muy importante y se ha hablado muy poco de ello     t co ,vox is santi abascal the anthill going like crazy yanks Prximo what it will be to see t co,0.0258
  anabelalonso of   la mujer que quiera va a abortar pero no tendr ayuda pblica  santiago abascal  osea  las que no tengan recursos se,manhattanmanone not have seen the program but this cut I will donate santi abascal first for Amazon because the work,-0.2529
  tortondo  muy apropiado el inicio de el hormiguero con la visita de abascal   gracias a la colaboracin de  noabraspaz y el apoyo moral,bertrandmyd the anthill santi abascal vox is to be at home watching the president live a joy,0.5859
    corregidme si me equivoco  pero    aquellos que estn pidiendo el boicot a cuatro por entrevistar a santiago abascal  no son,vox is santi abascal in the anthill as I will bother m two gays kiss in the street in any way,0.1027
   sapientiae  cuando te mola ms un comunista que no tiene pudor en levantar el puo  que homenajea al che homfobo  que re con azotar,vox is santi abascal in the anthill ordered the arrest of torra the suspension of the autonomy of Catalonia close and,-0.34
  vox es    santi abascal en  el hormiguero    s  he toreado pero sin muerte  y se me sec la boca ms que en sta entrevista       s,renatto Baptist God's work is more important than the work of human abascal large Peruvian politician who speaks there will be as c,0.2716
  albertoluni  pablo motos cada vez que intenta dejar en evidencia a abascal y no lo consigue  santiagoabascaleh    t co ,that little questions abascal motorcycle trying to tell you is racist xenfobo homfobo but it is impossible qu t co,-0.3612
  vox es    santi abascal en  el hormiguero    nosotros defendemos la ley de legtima defensa  que una persona pueda defender su propie,laresistencia abascal buttonhole on the resistance and the box remains Franco,0.0
    y despus de est gran entrevista que estoy viendo de santiago abascal  sin tapujos  sin caer en las trampas y sin mie,casoaislado is to see if Pablo Motos progres has been unable to explain better learn santiagoabascaleh not be democratic,0.4404
  mbarraganl  ahora los progres van a tener trabajo duro para interpretar esta interesante frase  ya me diris   santi abascal en  el ho,wallstwolverine today Santiago Abascal has a great opportunity to show how unfair is that meditica demonizacin,0.5859
  fonsiloaiza  abascal se afili al pp con  aos y ha tenido  cargos  a sus  aos no ha cotizado nunca fuera de la poltica  ha cobr,pablo hope bikes use the same tone and shapes with the rest of the polticuchos to take your program Orgull,0.4404
  anabelalonso of   la mujer que quiera va a abortar pero no tendr ayuda pblica  santiago abascal  osea  las que no tengan recursos se,abascal resistance in the ant and piqué resistance in the two spies,0.0
  jmdelalamo  ha sido la entrevista ms seria que ha hecho el hormiguero nunca  es probable que la de los otros candidatos tenga otro ton,should have record audience and who does not want to see rather than criticizing those who want to do no more Opcio,-0.6303
  el hormiguero    santi abascal nos habla sobre sus planteamientos de cara a las elecciones  santiagoabascaleh    t co ,vox is santi abascal in the anthill the other day talking about the social emergency affecting the Spaniards the caresta,-0.3818
  vox es    santi abascal en  el hormiguero    cmo me va a molestar a m que dos gays se besen por la calle  de ninguna manera     ,vox is santi abascal in the anthill the other day talking about the social emergency affecting the Spaniards the caresta,-0.3818
  anabelalonso of   la mujer que quiera va a abortar pero no tendr ayuda pblica  santiago abascal  osea  las que no tengan recursos se,mbarraganl santi abascal anthill madrid agustinrosety sanchezdelreal vox vox vox is always sensational badajoz,0.0
  diego    el hormiguero  santi abascal  vox es pablo motos disculpandose por tener a santiago abascal  que malo es el miedo progre,agustin Rosety anyone have done an interview in the anthill as have been made today santi abascal and has left more than,0.0
  anabelalonso of   la mujer que quiera va a abortar pero no tendr ayuda pblica  santiago abascal  osea  las que no tengan recursos se,santi abascal the anthill tonterias say you feel sorry very sorry,-0.1531
  vox es    santi abascal en  el hormiguero    yo me saqu la licencia de armas para proteger a mi padre en el pas vasco       santia,vox is santi abascal in the anthill ningn I have no fear of the elections our voters are the most loyal and many,-0.2516
  diegomrtg  a pesar del  boicotelhormiguero contra  santi abascal  o gracias al mismo  la bsqueda  a qu hora es el hormiguero  se ha d,tortondo today has come to enjoy the anthill santiago abascal out what frank and fachancas santiagoabascaleh t co,0.4939
 hermanntertsch  vox es  santi abascal qu autenticidad  abascal no ha trabajado en su vida  fue saltando de enc    t co ,The only thing the interview abascal in the anthill deberais see t co,0.0
  ldpsincomplejos  pues ha quedado extraordinaria la entrevista a  santi abascal  curiosamente  al que se le vea algo envarado es al pro,ldpsincomplejos it has been extraordinary interview with santi abascal curiously to see that he is somewhat stiff to pro,0.0
  eledhmel    santi abascal   nosotros defendemos a las mujeres porque queremos que los violadores estn en la crcel y no queremos que o,vox is santi abascal in the anthill the other day talking about the social emergency affecting the Spaniards the caresta,-0.3818
   david iglesias  dice abascal   no soy homfobo   en la frase siguiente afirma que ante una adopcin  mejor darle el nio a una familia,jmdelalamo has been the most serious interview that has made the anthill is never likely that the other candidates have another ton,-0.1513
  ldpsincomplejos  pues me voy a preparar la cena y me voy a sentar a ver a santi abascal en el hormiguero ,puigmelont abascal in co ant t,0.0
  vox es    santi abascal en  el hormiguero    cmo me va a molestar a m que dos gays se besen por la calle  de ninguna manera     ,jmdelalamo has been the most serious interview that has made the anthill is never likely that the other candidates have another ton,-0.1513
  vox es    santi abascal en  el hormiguero    defendera la frontera de melilla con muros ms grandes si es necesario y dando ayuda a,Pablo Motos unwillingly he is making the best possible campaign abascal hacindole interview lasts more than h,0.6369
  vox es    santi abascal en  el hormiguero    cmo me va a molestar a m que dos gays se besen por la calle  de ninguna manera     ,casoaislado is strong words vox Santiago Abascal is president during his intervention in the anthill santiagoab,0.5106
  vox es    santi abascal en  el hormiguero    somos los nicos que no permitiramos que salgan los violadores de mujeres de las crcel,Mr. dbunker abascal interview on a private TV that costs us a hard boycott interview Otegi in a tele Pblica qu,-0.4019
  anabelalonso of   la mujer que quiera va a abortar pero no tendr ayuda pblica  santiago abascal  osea  las que no tengan recursos se,vox is santi abascal in the anthill we are the only ones who do not permitiramos leaving rapists of women from jail,0.5334
 santi abascal a pesar de que polticamente no podemos estar ms alejados hay ciertos aspectos en los que le doy la    t co ,alejandrosvq huge andrs the article by Francisco Gallardo for daily summary of how the interrogation interview I prefer,0.3182
  davhierro  hace  aos que tuve la suerte de conocer a  santi abascal   y hace  aos que decid abandonar el  populares porque saba,I insist that this is abascal has said very important and has spoken very little about it t co,0.2716
     uriahee pablo motos me ha parecido mezquino  al preguntarle a abascal si tiene un arma  si alguna vez le ha quitado el,vox is santi abascal in the anthill defendera the Melilla border with walls more big if necessary and giving help,0.6249
  pablomm  no me opongo a las entrevistas a abascal  pero el contexto lo es todo  no es lo mismo sentarle frente a un periodista y expone,argibaylydia go jar washed abascal flipo just made before voting porfavoooor Read them anywhere you not only with quedis,0.0
 el hormiguero  santi abascal no puto entiendo como podis darle ni un minuto a este personaje  que puto asco,fonsiloaiza Abascal percentage points Afili the years and has held positions their years has never traded outside of politics has cobr,0.0
  fonsiloaiza  abascal se afili al pp con  aos y ha tenido  cargos  a sus  aos no ha cotizado nunca fuera de la poltica  ha cobr,vox is santi abascal in the anthill we are the only ones who do not permitiramos leaving rapists of women from jail,0.5334
 tito cid  vox es  santi abascal  el hormiguero hombre tito  tampoco te pases    ,vox is santi abascal in the anthill the other day talking about the social emergency affecting the Spaniards the caresta,-0.3818
  agustinrosety  hoy  santi abascal ha estado extraordinario   la izquierda nos quiere quitar la libertad de expresin   nunca nos veris,ldpsincomplejos it has been extraordinary interview with santi abascal curiously to see that he is somewhat stiff to pro,0.0
  furiabelga  acaba de decir abascal que si tuviese poder ordenara al ministerio del interior detener a torra    un poltico diciendo qu,santiago pablo motos abascal santiagoabascaleh,0.0
  el hormiguero    santi abascal nos habla sobre sus planteamientos de cara a las elecciones  santiagoabascaleh    t co ,espainews santi abascal today in the anthill defendera the Melilla border with walls more big if necessary and Segu,0.0
    bienquedas   pero si es precisamente lo que ha hecho el payaso de abascal hoy  tran    t co dqrbnnttjg,Anabel Alonso of the woman who wants an abortion will help but will not have Pblica Santiago Abascal bone which have no resources,-0.2382
  natalia    el hormiguero  santi abascal  vox es qu piensa  santi abascal del menosprecio al que los distintos gobiernos han somet,eledhmel santi abascal we defend women because we estn rapists in jail and we do not want or,-0.6728
  vox es    santi abascal en  el hormiguero    cmo me va a molestar a m que dos gays se besen por la calle  de ninguna manera     ,vox is santi abascal in the anthill as I will bother m two gays kiss in the street in any way,0.1027
  juanfraescudero  te gustar o no  santi abascal pero al menos sabes que no te est engaando   que gusto da cuando un poltico dice la,fonsiloaiza Abascal percentage points Afili the years and has held positions their years has never traded outside of politics has cobr,0.0
  casoaislado es  contundentes palabras de santiago abascal  presidente de  vox es  durante su intervencin en el hormiguero   santiagoab,qu rare santi has not jumped abascal accusing the communist Bolsheviks ants feminazis and the co t,0.1326
  anabelalonso of   la mujer que quiera va a abortar pero no tendr ayuda pblica  santiago abascal  osea  las que no tengan recursos se,pocahontasma santi igarrigavaz abascal and see that Pablo Motos is putting interest in trying to prove that it is all the worse,-0.0258
 juanfraescudero  santi abascal totalmente de acuerdo,noelia meadow hashtag I've gotten to boycott the anthill and is full of fachas crying because estn curtailing liberals lib,-0.6597
  vox es    santi abascal en  el hormiguero    somos los nicos que no permitiramos que salgan los violadores de mujeres de las crcel,sitojohns monastery and thorny seals skip the prior Valley denies the fallen dictator tejero the remains of ho,-0.7506
  fonsiloaiza  abascal se afili al pp con  aos y ha tenido  cargos  a sus  aos no ha cotizado nunca fuera de la poltica  ha cobr,vox is santi abascal in the anthill the other day talking about the social emergency affecting the Spaniards the caresta,-0.3818
  vox es    santi abascal en  el hormiguero    cmo me va a molestar a m que dos gays se besen por la calle  de ninguna manera     ,sr God today has come to make fascism to the anthill santi abascal santiagoabascaleh,0.2732
 santi abascal la imagen del asesino guevara est totalmente distorsionada  muchos jvenes engaados lo mitifican c    t co ,vox is santi abascal in the anthill in vistalegre Apel especially national reconciliation can not come anyone to dict,0.0
  vox es    santi abascal en  el hormiguero   a pablo motos   estoy preocupado porque has dicho que tenemos slo  diputados en el cong,igarri javaz go if it turns out that after interviewing santi abascal million Spaniards have found that vox nor are,0.0
  eledhmel    santi abascal   nosotros defendemos a las mujeres porque queremos que los violadores estn en la crcel y no queremos que o,Sitting here to see santi abascal in the anthill and I find q q the only leader did not want to go is sanche,-0.0572
    pablo motos  sin quererlo  le est haciendo a abascal la mejor campaa posible hacindole la entrevista ms dura que h,pablo rodro road bikes trying to provoke abascal with leading questions santiagoabascaleh t co,-0.4019
  laresistencia  abascal en el hormiguero y piqu en la resistencia  las dos espaas ,fr santiago abascal in the anthill talking about whether homosexuals can adopt santiagoabascaleh boicothormiguero aba,0.1779
qu triste que abascal no tenga buen feeling con rivera  me gustan ambos,elentirvigo Santiago Abascal in the anthill were more cmod when vox pruning not defend the leader of vox her pulse gan,0.0
  vox es    santi abascal en  el hormiguero    s  he toreado pero sin muerte  y se me sec la boca ms que en sta entrevista       s,wallstwolverine sánchez I like to see in the context of the hardness of the interview that you are doing to abascal not sabra dnd,0.3612
 antoniomaestre vd  ha ledo y comprendido a j  goebbels  comparar a santiago abascal con un nazi de mierda  es una    t co zlhitssvlw,anthill santi abascal go decepcion interview to see if dems do the same with political leaders au t co,0.0
    muy vergonzosa la entrevista  sacando temas populistas y tratando de dejar mal a santiago abascal  economia  trabajo  s,igarri javaz go if it turns out that after interviewing santi abascal million Spaniards have found that vox nor are,0.0
  vox es    santi abascal en  el hormiguero    en vistalegre apel sobre todo a la reconciliacin nacional  no puede venir nadie a dict,anthill nicarenne santi abascal Pablo Motos vox is what bad journalist disappointment intervening with t co op gxkwaltosd,-0.7783
que pesado todo el mundo con la puta entrevista de  santi abascal,when santi abascal says is against abortion and remove it from public health services which really means,0.0
   david iglesias  dice abascal   no soy homfobo   en la frase siguiente afirma que ante una adopcin  mejor darle el nio a una familia,ar delaney rightly pedro sanchez is not going to the nest after seeing a seor as abascal will make the ridiculous free,0.2023
     el hormiguero  santi abascal  vox es no se casan con nadie en el hormiguero  jajaja q trola  los de izquierda les molan mu,Pablo Motos almost apologizing for embarrassing interview abascal at least has made it clear that the snche Feln,0.0661
  casasola   abascal como se le esperaba  en contra del ecologismo  del aborto  de la eutanasia  de la adopcin de los homosexuales y a,eledhmel those who ask boicotelhormiguero because it santi abascal are the same who viewed delighted to Otegi in different program,0.5106
  marcosgoldc  que opinan de las palabras de  santiabascal    abascaleh  elhormiguero  boicotalhormiguero  abascal  hormiguero  voxa,ldpsincomplejos because I'll cook dinner and I'm going to sit to see santi abascal in the anthill,0.0
  vox es    santi abascal en  el hormiguero    defendera la frontera de melilla con muros ms grandes si es necesario y dando ayuda a,vox is santi abascal in the anthill we defend legtima defense law that a person can defend his propie,0.128
  eledhmel    santi abascal   estoy en contra de que el aborto sea una prctica eugensica y anticonceptiva  es acabar con una vida human,vox is santi abascal in the anthill the goal is not unearth franc is the excuse the goal is Philip VI and an m,0.0772
  pablomm  no me opongo a las entrevistas a abascal  pero el contexto lo es todo  no es lo mismo sentarle frente a un periodista y expone,the anthill santi abascal one thing is democracy and another when my human rights are affected,-0.1531
  gabrielrufian  si habis visto joker en el cine podis ver a abascal en el hormiguero ,vox is santi abascal the anthill congratulations you are very clear,0.7778
  vox es    santi abascal en  el hormiguero    somos los nicos que no permitiramos que salgan los violadores de mujeres de las crcel,vox is santi abascal in the anthill ordered the arrest of torra the suspension of the autonomy of Catalonia close and,-0.34
  fonsiloaiza  abascal se afili al pp con  aos y ha tenido  cargos  a sus  aos no ha cotizado nunca fuera de la poltica  ha cobr,fonsiloaiza Abascal percentage points Afili the years and has held positions their years has never traded outside of politics has cobr,0.0
  eledhmel  pablo motos   pareces tan bueno      santi abascal   es que soy bueno    doy fe    santiagoabascaleh    t co vzfourwzrr,manhattanmanone not have seen the program but this cut I will donate santi abascal first for Amazon because the work,-0.2529
  vox es    santi abascal en  el hormiguero      sobre la eutanasia  nos ponen la reflexin sobre ramn sampedro  un hombre en pleno us,rchamode Santiago Abascal in the anthill were more cmod when pruning not defend vox Through the co t,0.0
  hermanntertsch  la autenticidad de  santi abascal no tiene rival en la politica espaola  nadie  ninguno  ni de lejos     t co nhb,vox is santi abascal in the anthill I I pulled the gun license to protect my father in the Basque country santia,0.0516
  vox es    santi abascal en  el hormiguero    s es verdad que el psoe nos ha utilizado para meter miedo  han dicho barbaridades de no,my honestly makes me a grace throughout the boom in networks with boicotelhormiguero when you have abascal and t co m,0.7003
